Name,Gender,Language,Country,Categories,Personalities,Sample
Adri,Female,Afrikaans,South Africa,General,"Friendly, Positive",mp3/Afrikaans/af-ZA-AdriNeural.mp3
Willem,Male,Afrikaans,South Africa,General,"Friendly, Positive",mp3/Afrikaans/af-ZA-WillemNeural.mp3
Anila,Female,Albanian,Albania,General,"Friendly, Positive",mp3/Albanian/sq-AL-AnilaNeural.mp3
Ilir,Male,Albanian,Albania,General,"Friendly, Positive",mp3/Albanian/sq-AL-IlirNeural.mp3
Ameha,Male,Amharic,Ethiopia,General,"Friendly, Positive",mp3/Amharic/am-ET-AmehaNeural.mp3
Mekdes,Female,Amharic,Ethiopia,General,"Friendly, Positive",mp3/Amharic/am-ET-MekdesNeural.mp3
Amina,Female,Arabic,Algeria,General,"Friendly, Positive",mp3/Arabic/ar-DZ-AminaNeural.mp3
Ismael,Male,Arabic,Algeria,General,"Friendly, Positive",mp3/Arabic/ar-DZ-IsmaelNeural.mp3
Ali,Male,Arabic,Bahrain,General,"Friendly, Positive",mp3/Arabic/ar-BH-AliNeural.mp3
Laila,Female,Arabic,Bahrain,General,"Friendly, Positive",mp3/Arabic/ar-BH-LailaNeural.mp3
Salma,Female,Arabic,Egypt,General,"Friendly, Positive",mp3/Arabic/ar-EG-SalmaNeural.mp3
Shakir,Male,Arabic,Egypt,General,"Friendly, Positive",mp3/Arabic/ar-EG-ShakirNeural.mp3
Bassel,Male,Arabic,Iraq,General,"Friendly, Positive",mp3/Arabic/ar-IQ-BasselNeural.mp3
Rana,Female,Arabic,Iraq,General,"Friendly, Positive",mp3/Arabic/ar-IQ-RanaNeural.mp3
Sana,Female,Arabic,Jordan,General,"Friendly, Positive",mp3/Arabic/ar-JO-SanaNeural.mp3
Taim,Male,Arabic,Jordan,General,"Friendly, Positive",mp3/Arabic/ar-JO-TaimNeural.mp3
Fahed,Male,Arabic,Kuwait,General,"Friendly, Positive",mp3/Arabic/ar-KW-FahedNeural.mp3
Noura,Female,Arabic,Kuwait,General,"Friendly, Positive",mp3/Arabic/ar-KW-NouraNeural.mp3
Layla,Female,Arabic,Lebanon,General,"Friendly, Positive",mp3/Arabic/ar-LB-LaylaNeural.mp3
Rami,Male,Arabic,Lebanon,General,"Friendly, Positive",mp3/Arabic/ar-LB-RamiNeural.mp3
Iman,Female,Arabic,Libya,General,"Friendly, Positive",mp3/Arabic/ar-LY-ImanNeural.mp3
Omar,Male,Arabic,Libya,General,"Friendly, Positive",mp3/Arabic/ar-LY-OmarNeural.mp3
Jamal,Male,Arabic,Morocco,General,"Friendly, Positive",mp3/Arabic/ar-MA-JamalNeural.mp3
Mouna,Female,Arabic,Morocco,General,"Friendly, Positive",mp3/Arabic/ar-MA-MounaNeural.mp3
Abdullah,Male,Arabic,Oman,General,"Friendly, Positive",mp3/Arabic/ar-OM-AbdullahNeural.mp3
Aysha,Female,Arabic,Oman,General,"Friendly, Positive",mp3/Arabic/ar-OM-AyshaNeural.mp3
Amal,Female,Arabic,Qatar,General,"Friendly, Positive",mp3/Arabic/ar-QA-AmalNeural.mp3
Moaz,Male,Arabic,Qatar,General,"Friendly, Positive",mp3/Arabic/ar-QA-MoazNeural.mp3
Hamed,Male,Arabic,Saudi Arabia,General,"Friendly, Positive",mp3/Arabic/ar-SA-HamedNeural.mp3
Zariyah,Female,Arabic,Saudi Arabia,General,"Friendly, Positive",mp3/Arabic/ar-SA-ZariyahNeural.mp3
Amany,Female,Arabic,Syrian Arab Republic,General,"Friendly, Positive",mp3/Arabic/ar-SY-AmanyNeural.mp3
Laith,Male,Arabic,Syrian Arab Republic,General,"Friendly, Positive",mp3/Arabic/ar-SY-LaithNeural.mp3
Hedi,Male,Arabic,Tunisia,General,"Friendly, Positive",mp3/Arabic/ar-TN-HediNeural.mp3
Reem,Female,Arabic,Tunisia,General,"Friendly, Positive",mp3/Arabic/ar-TN-ReemNeural.mp3
Fatima,Female,Arabic,United Arab Emirates,General,"Friendly, Positive",mp3/Arabic/ar-AE-FatimaNeural.mp3
Hamdan,Male,Arabic,United Arab Emirates,General,"Friendly, Positive",mp3/Arabic/ar-AE-HamdanNeural.mp3
Maryam,Female,Arabic,Yemen,General,"Friendly, Positive",mp3/Arabic/ar-YE-MaryamNeural.mp3
Saleh,Male,Arabic,Yemen,General,"Friendly, Positive",mp3/Arabic/ar-YE-SalehNeural.mp3
Babek,Male,Azerbaijani,Azerbaijan,General,"Friendly, Positive",mp3/Azerbaijani/az-AZ-BabekNeural.mp3
Banu,Female,Azerbaijani,Azerbaijan,General,"Friendly, Positive",mp3/Azerbaijani/az-AZ-BanuNeural.mp3
Nabanita,Female,Bengali,Bangladesh,General,"Friendly, Positive",mp3/Bengali/bn-BD-NabanitaNeural.mp3
Pradeep,Male,Bengali,Bangladesh,General,"Friendly, Positive",mp3/Bengali/bn-BD-PradeepNeural.mp3
Bashkar,Male,Bengali,India,General,"Friendly, Positive",mp3/Bengali/bn-IN-BashkarNeural.mp3
Tanishaa,Female,Bengali,India,General,"Friendly, Positive",mp3/Bengali/bn-IN-TanishaaNeural.mp3
Vesna,Female,Bosnian,Bosnia and Herzegovina,General,"Friendly, Positive",mp3/Bosnian/bs-BA-VesnaNeural.mp3
Goran,Male,Bosnian,Bosnia and Herzegovina,General,"Friendly, Positive",mp3/Bosnian/bs-BA-GoranNeural.mp3
Borislav,Male,Bulgarian,Bulgaria,General,"Friendly, Positive",mp3/Bulgarian/bg-BG-BorislavNeural.mp3
Kalina,Female,Bulgarian,Bulgaria,General,"Friendly, Positive",mp3/Bulgarian/bg-BG-KalinaNeural.mp3
Nilar,Female,Burmese,Myanmar,General,"Friendly, Positive",mp3/Burmese/my-MM-NilarNeural.mp3
Thiha,Male,Burmese,Myanmar,General,"Friendly, Positive",mp3/Burmese/my-MM-ThihaNeural.mp3
Enric,Male,Catalan,Spain,General,"Friendly, Positive",mp3/Catalan/ca-ES-EnricNeural.mp3
Joana,Female,Catalan,Spain,General,"Friendly, Positive",mp3/Catalan/ca-ES-JoanaNeural.mp3
HiuGaai,Female,Chinese,Hong Kong,General,"Friendly, Positive",mp3/Chinese/zh-HK-HiuGaaiNeural.mp3
HiuMaan,Female,Chinese,Hong Kong,General,"Friendly, Positive",mp3/Chinese/zh-HK-HiuMaanNeural.mp3
WanLung,Male,Chinese,Hong Kong,General,"Friendly, Positive",mp3/Chinese/zh-HK-WanLungNeural.mp3
Xiaoxiao,Female,Chinese,China,"News, Novel",Warm,mp3/Chinese/zh-CN-XiaoxiaoNeural.mp3
Xiaoyi,Female,Chinese,China,"Cartoon, Novel",Lively,mp3/Chinese/zh-CN-XiaoyiNeural.mp3
Yunjian,Male,Chinese,China,"Sports, Novel",Passion,mp3/Chinese/zh-CN-YunjianNeural.mp3
Yunxi,Male,Chinese,China,Novel,"Lively, Sunshine",mp3/Chinese/zh-CN-YunxiNeural.mp3
Yunxia,Male,Chinese,China,"Cartoon, Novel",Cute,mp3/Chinese/zh-CN-YunxiaNeural.mp3
Yunyang,Male,Chinese,China,News,"Professional, Reliable",mp3/Chinese/zh-CN-YunyangNeural.mp3
Xiaobei,Female,Chinese,China,Dialect,Humorous,mp3/Chinese/zh-CN-liaoning-XiaobeiNeural.mp3
HsiaoChen,Female,Chinese,"Taiwan, Province of China",General,"Friendly, Positive",mp3/Chinese/zh-TW-HsiaoChenNeural.mp3
YunJhe,Male,Chinese,"Taiwan, Province of China",General,"Friendly, Positive",mp3/Chinese/zh-TW-YunJheNeural.mp3
HsiaoYu,Female,Chinese,"Taiwan, Province of China",General,"Friendly, Positive",mp3/Chinese/zh-TW-HsiaoYuNeural.mp3
Xiaoni,Female,Chinese,China,Dialect,Bright,mp3/Chinese/zh-CN-shaanxi-XiaoniNeural.mp3
Gabrijela,Female,Croatian,Croatia,General,"Friendly, Positive",mp3/Croatian/hr-HR-GabrijelaNeural.mp3
Srecko,Male,Croatian,Croatia,General,"Friendly, Positive",mp3/Croatian/hr-HR-SreckoNeural.mp3
Antonin,Male,Czech,Czechia,General,"Friendly, Positive",mp3/Czech/cs-CZ-AntoninNeural.mp3
Vlasta,Female,Czech,Czechia,General,"Friendly, Positive",mp3/Czech/cs-CZ-VlastaNeural.mp3
Christel,Female,Danish,Denmark,General,"Friendly, Positive",mp3/Danish/da-DK-ChristelNeural.mp3
Jeppe,Male,Danish,Denmark,General,"Friendly, Positive",mp3/Danish/da-DK-JeppeNeural.mp3
Arnaud,Male,Dutch,Belgium,General,"Friendly, Positive",mp3/Dutch/nl-BE-ArnaudNeural.mp3
Dena,Female,Dutch,Belgium,General,"Friendly, Positive",mp3/Dutch/nl-BE-DenaNeural.mp3
Colette,Female,Dutch,Netherlands,General,"Friendly, Positive",mp3/Dutch/nl-NL-ColetteNeural.mp3
Fenna,Female,Dutch,Netherlands,General,"Friendly, Positive",mp3/Dutch/nl-NL-FennaNeural.mp3
Maarten,Male,Dutch,Netherlands,General,"Friendly, Positive",mp3/Dutch/nl-NL-MaartenNeural.mp3
Natasha,Female,English,Australia,General,"Friendly, Positive",mp3/English/en-AU-NatashaNeural.mp3
William,Male,English,Australia,General,"Friendly, Positive",mp3/English/en-AU-WilliamNeural.mp3
Clara,Female,English,Canada,General,"Friendly, Positive",mp3/English/en-CA-ClaraNeural.mp3
Liam,Male,English,Canada,General,"Friendly, Positive",mp3/English/en-CA-LiamNeural.mp3
Yan,Female,English,Hong Kong,General,"Friendly, Positive",mp3/English/en-HK-YanNeural.mp3
Sam,Male,English,Hong Kong,General,"Friendly, Positive",mp3/English/en-HK-SamNeural.mp3
Neerja,Female,English,India,General,"Friendly, Positive",mp3/English/en-IN-NeerjaExpressiveNeural.mp3
Neerja,Female,English,India,General,"Friendly, Positive",mp3/English/en-IN-NeerjaNeural.mp3
Prabhat,Male,English,India,General,"Friendly, Positive",mp3/English/en-IN-PrabhatNeural.mp3
Connor,Male,English,Ireland,General,"Friendly, Positive",mp3/English/en-IE-ConnorNeural.mp3
Emily,Female,English,Ireland,General,"Friendly, Positive",mp3/English/en-IE-EmilyNeural.mp3
Asilia,Female,English,Kenya,General,"Friendly, Positive",mp3/English/en-KE-AsiliaNeural.mp3
Chilemba,Male,English,Kenya,General,"Friendly, Positive",mp3/English/en-KE-ChilembaNeural.mp3
Mitchell,Male,English,New Zealand,General,"Friendly, Positive",mp3/English/en-NZ-MitchellNeural.mp3
Molly,Female,English,New Zealand,General,"Friendly, Positive",mp3/English/en-NZ-MollyNeural.mp3
Abeo,Male,English,Nigeria,General,"Friendly, Positive",mp3/English/en-NG-AbeoNeural.mp3
Ezinne,Female,English,Nigeria,General,"Friendly, Positive",mp3/English/en-NG-EzinneNeural.mp3
James,Male,English,Philippines,General,"Friendly, Positive",mp3/English/en-PH-JamesNeural.mp3
Rosa,Female,English,Philippines,General,"Friendly, Positive",mp3/English/en-PH-RosaNeural.mp3
Luna,Female,English,Singapore,General,"Friendly, Positive",mp3/English/en-SG-LunaNeural.mp3
Wayne,Male,English,Singapore,General,"Friendly, Positive",mp3/English/en-SG-WayneNeural.mp3
AvaMultilingual,Female,English,United States,"Conversation, Copilot","Expressive, Caring, Pleasant, Friendly",mp3/English/en-US-AvaMultilingualNeural.mp3
AndrewMultilingual,Male,English,United States,"Conversation, Copilot","Warm, Confident, Authentic, Honest",mp3/English/en-US-AndrewMultilingualNeural.mp3
EmmaMultilingual,Female,English,United States,"Conversation, Copilot","Cheerful, Clear, Conversational",mp3/English/en-US-EmmaMultilingualNeural.mp3
BrianMultilingual,Male,English,United States,"Conversation, Copilot","Approachable, Casual, Sincere",mp3/English/en-US-BrianMultilingualNeural.mp3
Ava,Female,English,United States,"Conversation, Copilot","Expressive, Caring, Pleasant, Friendly",mp3/English/en-US-AvaNeural.mp3
Andrew,Male,English,United States,"Conversation, Copilot","Warm, Confident, Authentic, Honest",mp3/English/en-US-AndrewNeural.mp3
Emma,Female,English,United States,"Conversation, Copilot","Cheerful, Clear, Conversational",mp3/English/en-US-EmmaNeural.mp3
Brian,Male,English,United States,"Conversation, Copilot","Approachable, Casual, Sincere",mp3/English/en-US-BrianNeural.mp3
Leah,Female,English,South Africa,General,"Friendly, Positive",mp3/English/en-ZA-LeahNeural.mp3
Luke,Male,English,South Africa,General,"Friendly, Positive",mp3/English/en-ZA-LukeNeural.mp3
Elimu,Male,English,"Tanzania, United Republic of",General,"Friendly, Positive",mp3/English/en-TZ-ElimuNeural.mp3
Imani,Female,English,"Tanzania, United Republic of",General,"Friendly, Positive",mp3/English/en-TZ-ImaniNeural.mp3
Libby,Female,English,United Kingdom,General,"Friendly, Positive",mp3/English/en-GB-LibbyNeural.mp3
Maisie,Female,English,United Kingdom,General,"Friendly, Positive",mp3/English/en-GB-MaisieNeural.mp3
Ryan,Male,English,United Kingdom,General,"Friendly, Positive",mp3/English/en-GB-RyanNeural.mp3
Sonia,Female,English,United Kingdom,General,"Friendly, Positive",mp3/English/en-GB-SoniaNeural.mp3
Thomas,Male,English,United Kingdom,General,"Friendly, Positive",mp3/English/en-GB-ThomasNeural.mp3
Ana,Female,English,United States,"Cartoon, Conversation",Cute,mp3/English/en-US-AnaNeural.mp3
Aria,Female,English,United States,"News, Novel","Positive, Confident",mp3/English/en-US-AriaNeural.mp3
Christopher,Male,English,United States,"News, Novel","Reliable, Authority",mp3/English/en-US-ChristopherNeural.mp3
Eric,Male,English,United States,"News, Novel",Rational,mp3/English/en-US-EricNeural.mp3
Guy,Male,English,United States,"News, Novel",Passion,mp3/English/en-US-GuyNeural.mp3
Jenny,Female,English,United States,General,"Friendly, Considerate, Comfort",mp3/English/en-US-JennyNeural.mp3
Michelle,Female,English,United States,"News, Novel","Friendly, Pleasant",mp3/English/en-US-MichelleNeural.mp3
Roger,Male,English,United States,"News, Novel",Lively,mp3/English/en-US-RogerNeural.mp3
Steffan,Male,English,United States,"News, Novel",Rational,mp3/English/en-US-SteffanNeural.mp3
Anu,Female,Estonian,Estonia,General,"Friendly, Positive",mp3/Estonian/et-EE-AnuNeural.mp3
Kert,Male,Estonian,Estonia,General,"Friendly, Positive",mp3/Estonian/et-EE-KertNeural.mp3
Angelo,Male,Filipino,Philippines,General,"Friendly, Positive",mp3/Filipino/fil-PH-AngeloNeural.mp3
Blessica,Female,Filipino,Philippines,General,"Friendly, Positive",mp3/Filipino/fil-PH-BlessicaNeural.mp3
Harri,Male,Finnish,Finland,General,"Friendly, Positive",mp3/Finnish/fi-FI-HarriNeural.mp3
Noora,Female,Finnish,Finland,General,"Friendly, Positive",mp3/Finnish/fi-FI-NooraNeural.mp3
Charline,Female,French,Belgium,General,"Friendly, Positive",mp3/French/fr-BE-CharlineNeural.mp3
Gerard,Male,French,Belgium,General,"Friendly, Positive",mp3/French/fr-BE-GerardNeural.mp3
Thierry,Male,French,Canada,General,"Friendly, Positive",mp3/French/fr-CA-ThierryNeural.mp3
Antoine,Male,French,Canada,General,"Friendly, Positive",mp3/French/fr-CA-AntoineNeural.mp3
Jean,Male,French,Canada,General,"Friendly, Positive",mp3/French/fr-CA-JeanNeural.mp3
Sylvie,Female,French,Canada,General,"Friendly, Positive",mp3/French/fr-CA-SylvieNeural.mp3
VivienneMultilingual,Female,French,France,General,"Friendly, Positive",mp3/French/fr-FR-VivienneMultilingualNeural.mp3
RemyMultilingual,Male,French,France,General,"Friendly, Positive",mp3/French/fr-FR-RemyMultilingualNeural.mp3
Denise,Female,French,France,General,"Friendly, Positive",mp3/French/fr-FR-DeniseNeural.mp3
Eloise,Female,French,France,General,"Friendly, Positive",mp3/French/fr-FR-EloiseNeural.mp3
Henri,Male,French,France,General,"Friendly, Positive",mp3/French/fr-FR-HenriNeural.mp3
Ariane,Female,French,Switzerland,General,"Friendly, Positive",mp3/French/fr-CH-ArianeNeural.mp3
Fabrice,Male,French,Switzerland,General,"Friendly, Positive",mp3/French/fr-CH-FabriceNeural.mp3
Roi,Male,Galician,Spain,General,"Friendly, Positive",mp3/Galician/gl-ES-RoiNeural.mp3
Sabela,Female,Galician,Spain,General,"Friendly, Positive",mp3/Galician/gl-ES-SabelaNeural.mp3
Eka,Female,Georgian,Georgia,General,"Friendly, Positive",mp3/Georgian/ka-GE-EkaNeural.mp3
Giorgi,Male,Georgian,Georgia,General,"Friendly, Positive",mp3/Georgian/ka-GE-GiorgiNeural.mp3
Ingrid,Female,German,Austria,General,"Friendly, Positive",mp3/German/de-AT-IngridNeural.mp3
Jonas,Male,German,Austria,General,"Friendly, Positive",mp3/German/de-AT-JonasNeural.mp3
SeraphinaMultilingual,Female,German,Germany,General,"Friendly, Positive",mp3/German/de-DE-SeraphinaMultilingualNeural.mp3
FlorianMultilingual,Male,German,Germany,General,"Friendly, Positive",mp3/German/de-DE-FlorianMultilingualNeural.mp3
Amala,Female,German,Germany,General,"Friendly, Positive",mp3/German/de-DE-AmalaNeural.mp3
Conrad,Male,German,Germany,General,"Friendly, Positive",mp3/German/de-DE-ConradNeural.mp3
Katja,Female,German,Germany,General,"Friendly, Positive",mp3/German/de-DE-KatjaNeural.mp3
Killian,Male,German,Germany,General,"Friendly, Positive",mp3/German/de-DE-KillianNeural.mp3
Jan,Male,German,Switzerland,General,"Friendly, Positive",mp3/German/de-CH-JanNeural.mp3
Leni,Female,German,Switzerland,General,"Friendly, Positive",mp3/German/de-CH-LeniNeural.mp3
Athina,Female,Greek,Greece,General,"Friendly, Positive",mp3/Greek/el-GR-AthinaNeural.mp3
Nestoras,Male,Greek,Greece,General,"Friendly, Positive",mp3/Greek/el-GR-NestorasNeural.mp3
Dhwani,Female,Gujarati,India,General,"Friendly, Positive",mp3/Gujarati/gu-IN-DhwaniNeural.mp3
Niranjan,Male,Gujarati,India,General,"Friendly, Positive",mp3/Gujarati/gu-IN-NiranjanNeural.mp3
Avri,Male,Hebrew,Israel,General,"Friendly, Positive",mp3/Hebrew/he-IL-AvriNeural.mp3
Hila,Female,Hebrew,Israel,General,"Friendly, Positive",mp3/Hebrew/he-IL-HilaNeural.mp3
Madhur,Male,Hindi,India,General,"Friendly, Positive",mp3/Hindi/hi-IN-MadhurNeural.mp3
Swara,Female,Hindi,India,General,"Friendly, Positive",mp3/Hindi/hi-IN-SwaraNeural.mp3
Noemi,Female,Hungarian,Hungary,General,"Friendly, Positive",mp3/Hungarian/hu-HU-NoemiNeural.mp3
Tamas,Male,Hungarian,Hungary,General,"Friendly, Positive",mp3/Hungarian/hu-HU-TamasNeural.mp3
Gudrun,Female,Icelandic,Iceland,General,"Friendly, Positive",mp3/Icelandic/is-IS-GudrunNeural.mp3
Gunnar,Male,Icelandic,Iceland,General,"Friendly, Positive",mp3/Icelandic/is-IS-GunnarNeural.mp3
Ardi,Male,Indonesian,Indonesia,General,"Friendly, Positive",mp3/Indonesian/id-ID-ArdiNeural.mp3
Gadis,Female,Indonesian,Indonesia,General,"Friendly, Positive",mp3/Indonesian/id-ID-GadisNeural.mp3
Colm,Male,Irish,Ireland,General,"Friendly, Positive",mp3/Irish/ga-IE-ColmNeural.mp3
Orla,Female,Irish,Ireland,General,"Friendly, Positive",mp3/Irish/ga-IE-OrlaNeural.mp3
GiuseppeMultilingual,Male,Italian,Italy,General,"Friendly, Positive",mp3/Italian/it-IT-GiuseppeMultilingualNeural.mp3
Diego,Male,Italian,Italy,General,"Friendly, Positive",mp3/Italian/it-IT-DiegoNeural.mp3
Elsa,Female,Italian,Italy,General,"Friendly, Positive",mp3/Italian/it-IT-ElsaNeural.mp3
Isabella,Female,Italian,Italy,General,"Friendly, Positive",mp3/Italian/it-IT-IsabellaNeural.mp3
Keita,Male,Japanese,Japan,General,"Friendly, Positive",mp3/Japanese/ja-JP-KeitaNeural.mp3
Nanami,Female,Japanese,Japan,General,"Friendly, Positive",mp3/Japanese/ja-JP-NanamiNeural.mp3
Dimas,Male,Javanese,Indonesia,General,"Friendly, Positive",mp3/Javanese/jv-ID-DimasNeural.mp3
Siti,Female,Javanese,Indonesia,General,"Friendly, Positive",mp3/Javanese/jv-ID-SitiNeural.mp3
Gagan,Male,Kannada,India,General,"Friendly, Positive",mp3/Kannada/kn-IN-GaganNeural.mp3
Sapna,Female,Kannada,India,General,"Friendly, Positive",mp3/Kannada/kn-IN-SapnaNeural.mp3
Aigul,Female,Kazakh,Kazakhstan,General,"Friendly, Positive",mp3/Kazakh/kk-KZ-AigulNeural.mp3
Daulet,Male,Kazakh,Kazakhstan,General,"Friendly, Positive",mp3/Kazakh/kk-KZ-DauletNeural.mp3
Piseth,Male,Khmer,Cambodia,General,"Friendly, Positive",mp3/Khmer/km-KH-PisethNeural.mp3
Sreymom,Female,Khmer,Cambodia,General,"Friendly, Positive",mp3/Khmer/km-KH-SreymomNeural.mp3
HyunsuMultilingual,Male,Korean,"Korea, Republic of",General,"Friendly, Positive",mp3/Korean/ko-KR-HyunsuMultilingualNeural.mp3
InJoon,Male,Korean,"Korea, Republic of",General,"Friendly, Positive",mp3/Korean/ko-KR-InJoonNeural.mp3
SunHi,Female,Korean,"Korea, Republic of",General,"Friendly, Positive",mp3/Korean/ko-KR-SunHiNeural.mp3
Chanthavong,Male,Lao,Lao People's Democratic Republic,General,"Friendly, Positive",mp3/Lao/lo-LA-ChanthavongNeural.mp3
Keomany,Female,Lao,Lao People's Democratic Republic,General,"Friendly, Positive",mp3/Lao/lo-LA-KeomanyNeural.mp3
Everita,Female,Latvian,Latvia,General,"Friendly, Positive",mp3/Latvian/lv-LV-EveritaNeural.mp3
Nils,Male,Latvian,Latvia,General,"Friendly, Positive",mp3/Latvian/lv-LV-NilsNeural.mp3
Leonas,Male,Lithuanian,Lithuania,General,"Friendly, Positive",mp3/Lithuanian/lt-LT-LeonasNeural.mp3
Ona,Female,Lithuanian,Lithuania,General,"Friendly, Positive",mp3/Lithuanian/lt-LT-OnaNeural.mp3
Aleksandar,Male,Macedonian,North Macedonia,General,"Friendly, Positive",mp3/Macedonian/mk-MK-AleksandarNeural.mp3
Marija,Female,Macedonian,North Macedonia,General,"Friendly, Positive",mp3/Macedonian/mk-MK-MarijaNeural.mp3
Osman,Male,Malay,Malaysia,General,"Friendly, Positive",mp3/Malay/ms-MY-OsmanNeural.mp3
Yasmin,Female,Malay,Malaysia,General,"Friendly, Positive",mp3/Malay/ms-MY-YasminNeural.mp3
Midhun,Male,Malayalam,India,General,"Friendly, Positive",mp3/Malayalam/ml-IN-MidhunNeural.mp3
Sobhana,Female,Malayalam,India,General,"Friendly, Positive",mp3/Malayalam/ml-IN-SobhanaNeural.mp3
Grace,Female,Maltese,Malta,General,"Friendly, Positive",mp3/Maltese/mt-MT-GraceNeural.mp3
Joseph,Male,Maltese,Malta,General,"Friendly, Positive",mp3/Maltese/mt-MT-JosephNeural.mp3
Aarohi,Female,Marathi,India,General,"Friendly, Positive",mp3/Marathi/mr-IN-AarohiNeural.mp3
Manohar,Male,Marathi,India,General,"Friendly, Positive",mp3/Marathi/mr-IN-ManoharNeural.mp3
Bataa,Male,Mongolian,Mongolia,General,"Friendly, Positive",mp3/Mongolian/mn-MN-BataaNeural.mp3
Yesui,Female,Mongolian,Mongolia,General,"Friendly, Positive",mp3/Mongolian/mn-MN-YesuiNeural.mp3
Hemkala,Female,Nepali,Nepal,General,"Friendly, Positive",mp3/Nepali/ne-NP-HemkalaNeural.mp3
Sagar,Male,Nepali,Nepal,General,"Friendly, Positive",mp3/Nepali/ne-NP-SagarNeural.mp3
Finn,Male,Norwegian,Norway,General,"Friendly, Positive",mp3/Norwegian/nb-NO-FinnNeural.mp3
Pernille,Female,Norwegian,Norway,General,"Friendly, Positive",mp3/Norwegian/nb-NO-PernilleNeural.mp3
GulNawaz,Male,Pashto,Afghanistan,General,"Friendly, Positive",mp3/Pashto/ps-AF-GulNawazNeural.mp3
Latifa,Female,Pashto,Afghanistan,General,"Friendly, Positive",mp3/Pashto/ps-AF-LatifaNeural.mp3
Dilara,Female,Persian,"Iran, Islamic Republic of",General,"Friendly, Positive",mp3/Persian/fa-IR-DilaraNeural.mp3
Farid,Male,Persian,"Iran, Islamic Republic of",General,"Friendly, Positive",mp3/Persian/fa-IR-FaridNeural.mp3
Marek,Male,Polish,Poland,General,"Friendly, Positive",mp3/Polish/pl-PL-MarekNeural.mp3
Zofia,Female,Polish,Poland,General,"Friendly, Positive",mp3/Polish/pl-PL-ZofiaNeural.mp3
ThalitaMultilingual,Female,Portuguese,Brazil,General,"Friendly, Positive",mp3/Portuguese/pt-BR-ThalitaMultilingualNeural.mp3
Antonio,Male,Portuguese,Brazil,General,"Friendly, Positive",mp3/Portuguese/pt-BR-AntonioNeural.mp3
Francisca,Female,Portuguese,Brazil,General,"Friendly, Positive",mp3/Portuguese/pt-BR-FranciscaNeural.mp3
Duarte,Male,Portuguese,Portugal,General,"Friendly, Positive",mp3/Portuguese/pt-PT-DuarteNeural.mp3
Raquel,Female,Portuguese,Portugal,General,"Friendly, Positive",mp3/Portuguese/pt-PT-RaquelNeural.mp3
Alina,Female,Romanian,Romania,General,"Friendly, Positive",mp3/Romanian/ro-RO-AlinaNeural.mp3
Emil,Male,Romanian,Romania,General,"Friendly, Positive",mp3/Romanian/ro-RO-EmilNeural.mp3
Dmitry,Male,Russian,Russian Federation,General,"Friendly, Positive",mp3/Russian/ru-RU-DmitryNeural.mp3
Svetlana,Female,Russian,Russian Federation,General,"Friendly, Positive",mp3/Russian/ru-RU-SvetlanaNeural.mp3
Nicholas,Male,Serbian,Serbia,General,"Friendly, Positive",mp3/Serbian/sr-RS-NicholasNeural.mp3
Sophie,Female,Serbian,Serbia,General,"Friendly, Positive",mp3/Serbian/sr-RS-SophieNeural.mp3
Sameera,Male,Sinhala,Sri Lanka,General,"Friendly, Positive",mp3/Sinhala/si-LK-SameeraNeural.mp3
Thilini,Female,Sinhala,Sri Lanka,General,"Friendly, Positive",mp3/Sinhala/si-LK-ThiliniNeural.mp3
Lukas,Male,Slovak,Slovakia,General,"Friendly, Positive",mp3/Slovak/sk-SK-LukasNeural.mp3
Viktoria,Female,Slovak,Slovakia,General,"Friendly, Positive",mp3/Slovak/sk-SK-ViktoriaNeural.mp3
Petra,Female,Slovenian,Slovenia,General,"Friendly, Positive",mp3/Slovenian/sl-SI-PetraNeural.mp3
Rok,Male,Slovenian,Slovenia,General,"Friendly, Positive",mp3/Slovenian/sl-SI-RokNeural.mp3
Muuse,Male,Somali,Somalia,General,"Friendly, Positive",mp3/Somali/so-SO-MuuseNeural.mp3
Ubax,Female,Somali,Somalia,General,"Friendly, Positive",mp3/Somali/so-SO-UbaxNeural.mp3
Elena,Female,Spanish,Argentina,General,"Friendly, Positive",mp3/Spanish/es-AR-ElenaNeural.mp3
Tomas,Male,Spanish,Argentina,General,"Friendly, Positive",mp3/Spanish/es-AR-TomasNeural.mp3
Marcelo,Male,Spanish,"Bolivia, Plurinational State of",General,"Friendly, Positive",mp3/Spanish/es-BO-MarceloNeural.mp3
Sofia,Female,Spanish,"Bolivia, Plurinational State of",General,"Friendly, Positive",mp3/Spanish/es-BO-SofiaNeural.mp3
Catalina,Female,Spanish,Chile,General,"Friendly, Positive",mp3/Spanish/es-CL-CatalinaNeural.mp3
Lorenzo,Male,Spanish,Chile,General,"Friendly, Positive",mp3/Spanish/es-CL-LorenzoNeural.mp3
Gonzalo,Male,Spanish,Colombia,General,"Friendly, Positive",mp3/Spanish/es-CO-GonzaloNeural.mp3
Salome,Female,Spanish,Colombia,General,"Friendly, Positive",mp3/Spanish/es-CO-SalomeNeural.mp3
Ximena,Female,Spanish,Spain,General,"Friendly, Positive",mp3/Spanish/es-ES-XimenaNeural.mp3
Juan,Male,Spanish,Costa Rica,General,"Friendly, Positive",mp3/Spanish/es-CR-JuanNeural.mp3
Maria,Female,Spanish,Costa Rica,General,"Friendly, Positive",mp3/Spanish/es-CR-MariaNeural.mp3
Belkys,Female,Spanish,Cuba,General,"Friendly, Positive",mp3/Spanish/es-CU-BelkysNeural.mp3
Manuel,Male,Spanish,Cuba,General,"Friendly, Positive",mp3/Spanish/es-CU-ManuelNeural.mp3
Emilio,Male,Spanish,Dominican Republic,General,"Friendly, Positive",mp3/Spanish/es-DO-EmilioNeural.mp3
Ramona,Female,Spanish,Dominican Republic,General,"Friendly, Positive",mp3/Spanish/es-DO-RamonaNeural.mp3
Andrea,Female,Spanish,Ecuador,General,"Friendly, Positive",mp3/Spanish/es-EC-AndreaNeural.mp3
Luis,Male,Spanish,Ecuador,General,"Friendly, Positive",mp3/Spanish/es-EC-LuisNeural.mp3
Lorena,Female,Spanish,El Salvador,General,"Friendly, Positive",mp3/Spanish/es-SV-LorenaNeural.mp3
Rodrigo,Male,Spanish,El Salvador,General,"Friendly, Positive",mp3/Spanish/es-SV-RodrigoNeural.mp3
Javier,Male,Spanish,Equatorial Guinea,General,"Friendly, Positive",mp3/Spanish/es-GQ-JavierNeural.mp3
Teresa,Female,Spanish,Equatorial Guinea,General,"Friendly, Positive",mp3/Spanish/es-GQ-TeresaNeural.mp3
Andres,Male,Spanish,Guatemala,General,"Friendly, Positive",mp3/Spanish/es-GT-AndresNeural.mp3
Marta,Female,Spanish,Guatemala,General,"Friendly, Positive",mp3/Spanish/es-GT-MartaNeural.mp3
Carlos,Male,Spanish,Honduras,General,"Friendly, Positive",mp3/Spanish/es-HN-CarlosNeural.mp3
Karla,Female,Spanish,Honduras,General,"Friendly, Positive",mp3/Spanish/es-HN-KarlaNeural.mp3
Dalia,Female,Spanish,Mexico,General,"Friendly, Positive",mp3/Spanish/es-MX-DaliaNeural.mp3
Jorge,Male,Spanish,Mexico,General,"Friendly, Positive",mp3/Spanish/es-MX-JorgeNeural.mp3
Federico,Male,Spanish,Nicaragua,General,"Friendly, Positive",mp3/Spanish/es-NI-FedericoNeural.mp3
Yolanda,Female,Spanish,Nicaragua,General,"Friendly, Positive",mp3/Spanish/es-NI-YolandaNeural.mp3
Margarita,Female,Spanish,Panama,General,"Friendly, Positive",mp3/Spanish/es-PA-MargaritaNeural.mp3
Roberto,Male,Spanish,Panama,General,"Friendly, Positive",mp3/Spanish/es-PA-RobertoNeural.mp3
Mario,Male,Spanish,Paraguay,General,"Friendly, Positive",mp3/Spanish/es-PY-MarioNeural.mp3
Tania,Female,Spanish,Paraguay,General,"Friendly, Positive",mp3/Spanish/es-PY-TaniaNeural.mp3
Alex,Male,Spanish,Peru,General,"Friendly, Positive",mp3/Spanish/es-PE-AlexNeural.mp3
Camila,Female,Spanish,Peru,General,"Friendly, Positive",mp3/Spanish/es-PE-CamilaNeural.mp3
Karina,Female,Spanish,Puerto Rico,General,"Friendly, Positive",mp3/Spanish/es-PR-KarinaNeural.mp3
Victor,Male,Spanish,Puerto Rico,General,"Friendly, Positive",mp3/Spanish/es-PR-VictorNeural.mp3
Alvaro,Male,Spanish,Spain,General,"Friendly, Positive",mp3/Spanish/es-ES-AlvaroNeural.mp3
Elvira,Female,Spanish,Spain,General,"Friendly, Positive",mp3/Spanish/es-ES-ElviraNeural.mp3
Alonso,Male,Spanish,United States,General,"Friendly, Positive",mp3/Spanish/es-US-AlonsoNeural.mp3
Paloma,Female,Spanish,United States,General,"Friendly, Positive",mp3/Spanish/es-US-PalomaNeural.mp3
Mateo,Male,Spanish,Uruguay,General,"Friendly, Positive",mp3/Spanish/es-UY-MateoNeural.mp3
Valentina,Female,Spanish,Uruguay,General,"Friendly, Positive",mp3/Spanish/es-UY-ValentinaNeural.mp3
Paola,Female,Spanish,"Venezuela, Bolivarian Republic of",General,"Friendly, Positive",mp3/Spanish/es-VE-PaolaNeural.mp3
Sebastian,Male,Spanish,"Venezuela, Bolivarian Republic of",General,"Friendly, Positive",mp3/Spanish/es-VE-SebastianNeural.mp3
Jajang,Male,Sundanese,Indonesia,General,"Friendly, Positive",mp3/Sundanese/su-ID-JajangNeural.mp3
Tuti,Female,Sundanese,Indonesia,General,"Friendly, Positive",mp3/Sundanese/su-ID-TutiNeural.mp3
Rafiki,Male,Swahili,Kenya,General,"Friendly, Positive",mp3/Swahili/sw-KE-RafikiNeural.mp3
Zuri,Female,Swahili,Kenya,General,"Friendly, Positive",mp3/Swahili/sw-KE-ZuriNeural.mp3
Daudi,Male,Swahili,"Tanzania, United Republic of",General,"Friendly, Positive",mp3/Swahili/sw-TZ-DaudiNeural.mp3
Rehema,Female,Swahili,"Tanzania, United Republic of",General,"Friendly, Positive",mp3/Swahili/sw-TZ-RehemaNeural.mp3
Mattias,Male,Swedish,Sweden,General,"Friendly, Positive",mp3/Swedish/sv-SE-MattiasNeural.mp3
Sofie,Female,Swedish,Sweden,General,"Friendly, Positive",mp3/Swedish/sv-SE-SofieNeural.mp3
Pallavi,Female,Tamil,India,General,"Friendly, Positive",mp3/Tamil/ta-IN-PallaviNeural.mp3
Valluvar,Male,Tamil,India,General,"Friendly, Positive",mp3/Tamil/ta-IN-ValluvarNeural.mp3
Kani,Female,Tamil,Malaysia,General,"Friendly, Positive",mp3/Tamil/ta-MY-KaniNeural.mp3
Surya,Male,Tamil,Malaysia,General,"Friendly, Positive",mp3/Tamil/ta-MY-SuryaNeural.mp3
Anbu,Male,Tamil,Singapore,General,"Friendly, Positive",mp3/Tamil/ta-SG-AnbuNeural.mp3
Venba,Female,Tamil,Singapore,General,"Friendly, Positive",mp3/Tamil/ta-SG-VenbaNeural.mp3
Kumar,Male,Tamil,Sri Lanka,General,"Friendly, Positive",mp3/Tamil/ta-LK-KumarNeural.mp3
Saranya,Female,Tamil,Sri Lanka,General,"Friendly, Positive",mp3/Tamil/ta-LK-SaranyaNeural.mp3
Mohan,Male,Telugu,India,General,"Friendly, Positive",mp3/Telugu/te-IN-MohanNeural.mp3
Shruti,Female,Telugu,India,General,"Friendly, Positive",mp3/Telugu/te-IN-ShrutiNeural.mp3
Niwat,Male,Thai,Thailand,General,"Friendly, Positive",mp3/Thai/th-TH-NiwatNeural.mp3
Premwadee,Female,Thai,Thailand,General,"Friendly, Positive",mp3/Thai/th-TH-PremwadeeNeural.mp3
Emel,Female,Turkish,Türkiye,General,"Friendly, Positive",mp3/Turkish/tr-TR-EmelNeural.mp3
Ahmet,Male,Turkish,Türkiye,General,"Friendly, Positive",mp3/Turkish/tr-TR-AhmetNeural.mp3
Ostap,Male,Ukrainian,Ukraine,General,"Friendly, Positive",mp3/Ukrainian/uk-UA-OstapNeural.mp3
Polina,Female,Ukrainian,Ukraine,General,"Friendly, Positive",mp3/Ukrainian/uk-UA-PolinaNeural.mp3
Gul,Female,Urdu,India,General,"Friendly, Positive",mp3/Urdu/ur-IN-GulNeural.mp3
Salman,Male,Urdu,India,General,"Friendly, Positive",mp3/Urdu/ur-IN-SalmanNeural.mp3
Asad,Male,Urdu,Pakistan,General,"Friendly, Positive",mp3/Urdu/ur-PK-AsadNeural.mp3
Uzma,Female,Urdu,Pakistan,General,"Friendly, Positive",mp3/Urdu/ur-PK-UzmaNeural.mp3
Madina,Female,Uzbek,Uzbekistan,General,"Friendly, Positive",mp3/Uzbek/uz-UZ-MadinaNeural.mp3
Sardor,Male,Uzbek,Uzbekistan,General,"Friendly, Positive",mp3/Uzbek/uz-UZ-SardorNeural.mp3
HoaiMy,Female,Vietnamese,Viet Nam,General,"Friendly, Positive",mp3/Vietnamese/vi-VN-HoaiMyNeural.mp3
NamMinh,Male,Vietnamese,Viet Nam,General,"Friendly, Positive",mp3/Vietnamese/vi-VN-NamMinhNeural.mp3
Aled,Male,Welsh,United Kingdom,General,"Friendly, Positive",mp3/Welsh/cy-GB-AledNeural.mp3
Nia,Female,Welsh,United Kingdom,General,"Friendly, Positive",mp3/Welsh/cy-GB-NiaNeural.mp3
Thando,Female,Zulu,South Africa,General,"Friendly, Positive",mp3/Zulu/zu-ZA-ThandoNeural.mp3
Themba,Male,Zulu,South Africa,General,"Friendly, Positive",mp3/Zulu/zu-ZA-ThembaNeural.mp3
